[{"args":[{"type":"Entity","translate":true},{"type":"float"},{"type":"float"},{"type":"float"},{"type":"BOOL"},{"type":"BOOL"},{"type":"BOOL"},{"type":"BOOL"}],"type":"ctx","hash":"0x06843DA7060A026B","name":"SET_ENTITY_COORDS","ctx":{"type":"Entity","idx":0}},{"args":[{"type":"Entity","translate":true},{"type":"int"},{"type":"int"}],"type":"ctx","hash":"0x4F1D4BE3A7F24601","name":"SET_VEHICLE_COLOURS","ctx":{"type":"Entity","idx":0}},{"args":[{"type":"Player","translate":true},{"type":"int"},{"type":"BOOL"}],"type":"ctx","hash":"0x39FF19C64EF7DA5B","name":"SET_PLAYER_WANTED_LEVEL","ctx":{"type":"Player","idx":0}},{"args":[{"type":"Entity","translate":true},{"type":"Entity","translate":true},{"type":"int"}],"type":"ctx","hash":"0xF75B0D629E1C063D","name":"SET_PED_INTO_VEHICLE","ctx":{"type":"Entity","idx":0}},{"args":[{"type":"Entity","translate":true},{"type":"BOOL"}],"type":"ctx","hash":"0x428CA6DBD1094446","name":"FREEZE_ENTITY_POSITION","ctx":{"type":"Entity","idx":0}},{"type":"entity","args":[{"type":"Hash"},{"type":"float"},{"type":"float"},{"type":"float"},{"type":"float"},{"type":"BOOL"},{"type":"BOOL"}],"hash":"0xAF35D0D2583051B0","name":"CREATE_VEHICLE"},{"args":[{"type":"Entity","translate":true},{"type":"float"},{"type":"float"},{"type":"float"},{"type":"int"},{"type":"BOOL"}],"type":"ctx","hash":"0x8524A8B0171D5E07","name":"SET_ENTITY_ROTATION","ctx":{"type":"Entity","idx":0}},{"args":[{"type":"Entity","translate":true},{"type":"float"},{"type":"float"},{"type":"float"}],"type":"ctx","hash":"0x1C99BB7B6E96D16F","name":"SET_ENTITY_VELOCITY","ctx":{"type":"Entity","idx":0}},{"args":[{"type":"Entity","translate":true},{"type":"float"}],"type":"ctx","hash":"0x8E2530AA8ADA980E","name":"SET_ENTITY_HEADING","ctx":{"type":"Entity","idx":0}}]
